date,time,username,tweet,photos,link,retweets_count,likes_count
2021-05-12,03:45:48,elonmusk,@garyblack00 Subscription rolls out in about a month,[],https://twitter.com/elonmusk/status/1392430805494861828,488,8555
2021-05-12,03:44:27,elonmusk,"@Dreamweaver2oh @garyblack00 I think we‚Äôre maybe a month or two away from wide beta. But these things are hard to predict accurately.   The work we had to do for pure vision driving was needed for FSD, so much more progress has been made than it would seem.",[],https://twitter.com/elonmusk/status/1392430463436812288,216,2448
2021-05-12,03:41:43,elonmusk,"@flcnhvy @garyblack00 End of year, along with FSD, provided we get regulatory approval. Smart Summon is just a subset of FSD.",[],https://twitter.com/elonmusk/status/1392429777315790858,192,2790
2021-05-12,03:40:27,elonmusk,@Leo88Williams @garyblack00 Yes,[],https://twitter.com/elonmusk/status/1392429457038667777,98,1853
2021-05-12,03:38:34,elonmusk,@garyblack00 We had to focus on removing radar &amp; confirming safety. That release goes out next week to US production. Then a week or two to polish pure vision FSD &amp; v9 beta will release. Difference between v8 &amp; v9 is gigantic.,[],https://twitter.com/elonmusk/status/1392428986001592321,667,9705
2021-05-12,00:57:30,elonmusk,@BoredElonMusk üëÄ,[],https://twitter.com/elonmusk/status/1392388448384811008,1381,28930
2021-05-11,11:27:02,elonmusk,@Tesmanian_com üá©üá™ üöò ‚ô•Ô∏è Geil! ‚ô•Ô∏è üöò üá©üá™,[],https://twitter.com/elonmusk/status/1392184489619517455,1982,37028
2021-05-11,01:13:35,elonmusk,Do you want Tesla to accept Doge?,[],https://twitter.com/elonmusk/status/1392030108274159619,90772,325723
2021-05-11,01:09:05,elonmusk,@tculpan Exactly,[],https://twitter.com/elonmusk/status/1392028977812807682,1840,15960
2021-05-11,00:04:25,elonmusk,SNL Monologue  https://t.co/b2cvFGqVFF,[],https://twitter.com/elonmusk/status/1392012701522669577,6791,76164
2021-05-10,16:32:58,elonmusk,"Thanks again to @nbcsnl cast, writers &amp; crew! Honor &amp; pleasure to do the show with you.",[],https://twitter.com/elonmusk/status/1391899092666572800,8984,196321
2021-05-10,15:12:57,elonmusk,@MileyCyrus @Grimezsz ü§£ü§£,[],https://twitter.com/elonmusk/status/1391878954596720641,500,8630
2021-05-10,03:06:35,elonmusk,@DynamicWebPaige Haha,[],https://twitter.com/elonmusk/status/1391696158385344512,643,14141
2021-05-09,21:43:27,elonmusk,@blockfolio ü§£ü§£,[],https://twitter.com/elonmusk/status/1391614838422523904,3338,71833
2021-05-09,21:29:56,elonmusk,@EvaFoxU @mayemusk Absolutely,[],https://twitter.com/elonmusk/status/1391611438385487872,327,6420
2021-05-09,18:09:43,elonmusk,@Model3Owners I love Dieter,[],https://twitter.com/elonmusk/status/1391561052471664646,613,16215
2021-05-09,17:39:50,elonmusk,@nbcsnl Chad saves Mars!,[],https://twitter.com/elonmusk/status/1391553533569290240,3022,55449
2021-05-09,15:41:43,elonmusk,SpaceX launching satellite Doge-1 to the moon next year  ‚Äì Mission paid for in Doge ‚Äì 1st crypto in space ‚Äì 1st meme in space  To the mooooonnn!!   https://t.co/xXfjGZVeUW,[],https://twitter.com/elonmusk/status/1391523807148527620,117060,521209
2021-05-09,06:21:16,elonmusk,Wario was my fav haha üëÄ   https://t.co/TNjn3meLVJ,[],https://twitter.com/elonmusk/status/1391382766764298245,9620,132308
2021-05-08,15:52:29,elonmusk,@flcnhvy Might still need a VPN in some countries,[],https://twitter.com/elonmusk/status/1391164130204192771,661,11250
2021-05-08,13:39:52,elonmusk,Special link to view SNL outside USA  https://t.co/egSDZ8sNFu,[],https://twitter.com/elonmusk/status/1391130755787599881,27128,172786
2021-05-08,02:03:01,elonmusk,First time a Falcon rocket booster will reach double digits in flights,[],https://twitter.com/elonmusk/status/1390955387654914052,6548,93712
2021-05-08,00:19:25,elonmusk,@WholeMarsBlog Yup ü§£ü§£,[],https://twitter.com/elonmusk/status/1390929314355548165,536,9072
2021-05-08,00:05:32,elonmusk,@PPathole @ericrihlmann @Tesla @nbcsnl @TimesSquareNYC @nycgov It pretty much looks like this,[],https://twitter.com/elonmusk/status/1390925822610087936,364,6181
2021-05-07,23:42:36,elonmusk,@ericrihlmann @Tesla @nbcsnl @TimesSquareNYC @nycgov Great pic,[],https://twitter.com/elonmusk/status/1390920049372897281,482,13493
2021-05-07,18:22:52,elonmusk,Cybertruck prototype in New York this weekend,[],https://twitter.com/elonmusk/status/1390839584225955847,16447,268703
2021-05-07,16:23:12,elonmusk,@EvaFoxU ü§£ü§£,[],https://twitter.com/elonmusk/status/1390809470926794754,484,8059
2021-05-07,14:11:45,elonmusk,@OwenSparks_ Until Sunday,[],https://twitter.com/elonmusk/status/1390776390144901121,944,19608
2021-05-07,14:05:35,elonmusk,Guest starring ‚Ä¶  https://t.co/buM3bTOWbX,['https://pbs.twimg.com/media/E00GWDMXsAA1BjP.jpg'],https://twitter.com/elonmusk/status/1390774840135766019,111772,758150
2021-05-07,13:57:52,elonmusk, https://t.co/DlQtmfjKqL,['https://pbs.twimg.com/media/E00EkvwWQAIFyNP.jpg'],https://twitter.com/elonmusk/status/1390772894951673858,20209,221012
2021-05-07,10:57:05,elonmusk,@considercosmos @SpaceX Will use this as my wallpaper,[],https://twitter.com/elonmusk/status/1390727402607849472,1238,38713
2021-05-07,07:35:22,elonmusk,@itsALLrisky That is how I feel about it,[],https://twitter.com/elonmusk/status/1390676636098564105,11598,101821
2021-05-07,00:29:02,elonmusk,@Teslarati @13ericralph31 Might try to refly SN15 soon,[],https://twitter.com/elonmusk/status/1390569345361883136,2777,27828
2021-05-06,23:14:14,elonmusk,@hiromichimizuno I‚Äôm looking for a shiba pup!,[],https://twitter.com/elonmusk/status/1390550521077977089,11374,51123
2021-05-06,21:24:36,elonmusk,@Erdayastronaut @SpaceX üòÆ,[],https://twitter.com/elonmusk/status/1390522931747430404,796,20649
2021-05-06,21:24:20,elonmusk,"Cryptocurrency is promising, but please invest with caution!  https://t.co/A4kplcP8Vq",[],https://twitter.com/elonmusk/status/1390522866979033092,39336,223277
2021-05-06,21:02:37,elonmusk,@SpacePadreIsle Nice shot,[],https://twitter.com/elonmusk/status/1390517401196826628,633,20869
2021-05-06,17:41:25,elonmusk,@DavidSpade ü§£ü§£,[],https://twitter.com/elonmusk/status/1390466765294116867,4467,68934
2021-05-06,12:26:59,elonmusk,Make humanity a multiplanet species!,[],https://twitter.com/elonmusk/status/1390387635961610242,52680,525604
2021-05-06,12:26:09,elonmusk,Public support for life on Mars is critical to making it happen,[],https://twitter.com/elonmusk/status/1390387429375369216,18460,238987
2021-05-06,12:23:04,elonmusk,@flcnhvy @westcoastbill 2024 is not out of the question for an uncrewed flight,[],https://twitter.com/elonmusk/status/1390386652007251970,679,8201
2021-05-06,12:19:34,elonmusk,@westcoastbill for sure!,[],https://twitter.com/elonmusk/status/1390385771803197454,326,8732
2021-05-06,11:19:36,elonmusk,@ZachWeiner Haha true,[],https://twitter.com/elonmusk/status/1390370678910685185,895,33833
2021-05-06,11:14:53,elonmusk,@johnkrausphotos @SpaceX Mars Base Alpha,[],https://twitter.com/elonmusk/status/1390369492954456070,826,17036
2021-05-06,09:26:24,elonmusk,@GabrielGruber Exactly,[],https://twitter.com/elonmusk/status/1390342190786912257,738,20879
2021-05-06,09:01:34,elonmusk,@MileyCyrus Haha awesome! See you soon.,[],https://twitter.com/elonmusk/status/1390335943920558081,676,8835
2021-05-06,08:59:44,elonmusk,@jimfarley98 @thesheetztweetz Thanks Jim,[],https://twitter.com/elonmusk/status/1390335482647781377,365,12613
2021-05-06,00:16:50,elonmusk,@nova_road True,[],https://twitter.com/elonmusk/status/1390203889824247810,485,12381
2021-05-05,22:00:28,elonmusk,"@nextspaceflight @NASASpaceflight Only way to create rapidly &amp; fully reusable orbital rockets, the fundamental technology revolution needed to make life multiplanetary",[],https://twitter.com/elonmusk/status/1390169571466829828,1709,32062
2021-05-05,15:37:20,elonmusk,Starship landing nominal!,[],https://twitter.com/elonmusk/status/1390073153347592192,32607,334838
2021-05-05,15:22:39,elonmusk,About to launch,[],https://twitter.com/elonmusk/status/1390069456177704965,9536,106004
2021-05-04,23:01:50,elonmusk,@AaronGamelli I had a Steampunk Japan birthday party once,[],https://twitter.com/elonmusk/status/1389822625623511040,577,6720
2021-05-04,21:27:36,elonmusk,@DavidSacks The Movement!  https://t.co/dK15SJjQYK,[],https://twitter.com/elonmusk/status/1389798912777719810,726,10720
2021-05-04,21:22:00,elonmusk,@newscientist Which means ~1/10th of you is 13.8 billion years old,[],https://twitter.com/elonmusk/status/1389797504103981057,913,9805
2021-05-04,16:06:40,elonmusk,@karpathy ü§£ü§£,[],https://twitter.com/elonmusk/status/1389718145733120003,1024,26616
2021-05-04,14:22:10,elonmusk,"@thesheetztweetz Only limitation is high density of users in urban areas. Most likely, all of the initial 500k will receive service. More of a challenge when we get into the several million user range.",[],https://twitter.com/elonmusk/status/1389691848906747905,830,15015
2021-05-03,10:27:11,elonmusk,"@MeetLuis @WARREZ420 @WholeMarsBlog Rawlinson was never chief engineer. He arrived after Model S prototype was made, left before things got tough &amp; was only ever responsible for body engineering, not powertrain, battery, software, production or design.",[],https://twitter.com/elonmusk/status/1389270326073253889,418,5471
2021-05-03,00:56:16,elonmusk,@spacex360 So great to see the happy faces!,[],https://twitter.com/elonmusk/status/1389126650508480512,1138,36682
2021-05-02,23:20:26,elonmusk,"@utsavtechie Prototypes are easy, production is hard",[],https://twitter.com/elonmusk/status/1389102532706848768,9208,180926
2021-05-02,15:17:02,elonmusk,@heydave7 @Tesla A remarkable junction in history,[],https://twitter.com/elonmusk/status/1388980879175954433,922,17978
2021-05-02,14:09:21,elonmusk,@jaentwistle One of many reasons why we need larger &amp; more advanced rockets!,[],https://twitter.com/elonmusk/status/1388963849043419140,1568,35530
2021-05-02,13:24:44,elonmusk,@jpr007 @EPCalderhead Haha,[],https://twitter.com/elonmusk/status/1388952616902795267,141,3037
2021-05-01,20:13:36,elonmusk,I love Art Deco,[],https://twitter.com/elonmusk/status/1388693126206918658,13843,229026
2021-05-01,18:56:34,elonmusk,@RSTYCG üëç,[],https://twitter.com/elonmusk/status/1388673741454991362,229,10786
2021-05-01,14:56:54,elonmusk,Baby Shark &amp; Shark Tank merge to form Baby Shark Tank,[],https://twitter.com/elonmusk/status/1388613426868625416,4387,86865
2021-05-01,14:53:38,elonmusk,Irony Man ‚Äì defeats villains using the power of irony,[],https://twitter.com/elonmusk/status/1388612603480510469,4839,92935
2021-05-01,14:51:22,elonmusk,@gshenanigans1 Definitely,[],https://twitter.com/elonmusk/status/1388612033160126469,3692,32272
2021-05-01,14:49:50,elonmusk,Throwing out some skit ideas for SNL. What should I do?,[],https://twitter.com/elonmusk/status/1388611645560262660,9752,141232
2021-05-01,14:36:22,elonmusk,Woke James Bond SNL May 8,[],https://twitter.com/elonmusk/status/1388608259255377920,12180,150706
2021-04-29,15:45:59,elonmusk,"A major part of real-world AI has to be solved to make unsupervised, generalized full self-driving work, as the entire road system is designed for biological neural nets with optical imagers",[],https://twitter.com/elonmusk/status/1387901003664699392,10072,142648
2021-04-29,15:30:29,elonmusk,@WholeMarsBlog Exactly!,[],https://twitter.com/elonmusk/status/1387897099983990793,165,3616
2021-04-29,15:19:17,elonmusk,@teslaownersSV Was using this in my car last night,[],https://twitter.com/elonmusk/status/1387894284041527297,229,4992
2021-04-29,15:16:56,elonmusk,@teslaownersSV FSD display V9.0 will show actual probability distribution of objects ‚Äì true mind‚Äôs eye of the neural net. This is so cool!,[],https://twitter.com/elonmusk/status/1387893690354515970,473,6923
2021-04-29,15:13:50,elonmusk,@WhatsupFranks @danheld I swear Canada FSD beta will be as soon as humanly possible!,[],https://twitter.com/elonmusk/status/1387892910960615428,172,2896
2021-04-29,15:10:47,elonmusk,@adamcarter @teslaownersSV @TeslaNY @Tesla True. Anyone paying attention to the rate of improvement will realize that Tesla Autopilot/FSD is already superhuman for highway driving &amp; swiftly getting there for city streets.,[],https://twitter.com/elonmusk/status/1387892143792984065,210,3042
2021-04-29,14:38:42,elonmusk,@danheld ü§£ü§£,[],https://twitter.com/elonmusk/status/1387884069220982784,706,25111
2021-04-28,18:07:51,elonmusk,"@jgrano305 @tobyliiiiiiiiii @teslaownersSV @TeslaNY @Tesla Hopefully, later this year for several more states. Insurance is different for almost every state in America &amp; regulatory approvals take time.",[],https://twitter.com/elonmusk/status/1387574315969880068,139,2766
2021-04-28,18:05:26,elonmusk,@tobyliiiiiiiiii @teslaownersSV @TeslaNY @Tesla And hopefully EU this summer,[],https://twitter.com/elonmusk/status/1387573708483710978,193,3243
2021-04-28,18:04:40,elonmusk,@tobyliiiiiiiiii @teslaownersSV @TeslaNY @Tesla Probably a few months. There are many subtle differences between US &amp; Canada driving.,[],https://twitter.com/elonmusk/status/1387573516040609796,131,2829
2021-04-28,18:02:04,elonmusk,@teslaownersSV @TeslaNY @Tesla Gating factor is achieving &amp; proving higher safety with pure vision than with vision+radar. We are almost there.  FSD Beta V9.0 will blow your mind.,[],https://twitter.com/elonmusk/status/1387572858768007179,585,4963
2021-04-28,17:05:15,elonmusk,@teslaownersSV @TeslaNY @Tesla Probably two weeks,[],https://twitter.com/elonmusk/status/1387558563208368131,279,4081
2021-04-28,16:57:34,elonmusk,@TeslaNY @Tesla Good technical analysis,[],https://twitter.com/elonmusk/status/1387556627298070531,466,13463
2021-04-28,15:22:53,elonmusk,@heydave7 Yes,[],https://twitter.com/elonmusk/status/1387532802116173825,245,7028
2021-04-28,14:55:33,elonmusk,@squawksquare Sorry ü§£ü§£   https://t.co/v98BnxPXg6,[],https://twitter.com/elonmusk/status/1387525922463666179,1012,10736
2021-04-28,14:50:07,elonmusk,@WR4NYGov @garyblack00 @Tesla @WholeMarsBlog ü§£ü§£ exactly,[],https://twitter.com/elonmusk/status/1387524555409924102,327,13669
2021-04-28,14:48:58,elonmusk,@OwenSparks_ @nbcsnl @MileyCyrus Might be something there haha,[],https://twitter.com/elonmusk/status/1387524266191687685,458,7470
2021-04-28,14:46:45,elonmusk,"@skorusARK Best-selling by revenue in 2022, possibly by unit volume in 2023",[],https://twitter.com/elonmusk/status/1387523708458254337,525,10965
2021-04-28,12:49:09,elonmusk,@collision @SpaceX Cool! üáÆüá™,[],https://twitter.com/elonmusk/status/1387494112904060933,583,20854
2021-04-28,01:54:22,elonmusk,@RationalEtienne @Erdayastronaut @Twisi80 Starship is literally more pointy because of that movie haha,[],https://twitter.com/elonmusk/status/1387329332541104131,266,5015
2021-04-28,01:51:43,elonmusk,@RiusJulien  https://t.co/paTKsQjNp8,[],https://twitter.com/elonmusk/status/1387328662073188353,176,3445
2021-04-28,01:43:37,elonmusk,‚ô•Ô∏è  https://t.co/juLuKlymEX,[],https://twitter.com/elonmusk/status/1387326627160408067,4400,54994
2021-04-28,00:33:33,elonmusk,@AstroJordy @wapodavenport 0% so far,[],https://twitter.com/elonmusk/status/1387308991743672322,160,3836
2021-04-27,23:21:41,elonmusk,@muratpak üî•,[],https://twitter.com/elonmusk/status/1387290907108679680,257,5449
2021-04-27,23:20:47,elonmusk,The Dogefather SNL May 8,[],https://twitter.com/elonmusk/status/1387290679794089986,80742,465070
2021-04-27,21:53:39,elonmusk,"@wapodavenport Did my heart love till now? forswear it, sight! For I ne'er saw true beauty till this night.",[],https://twitter.com/elonmusk/status/1387268753369583616,193,2433
2021-04-27,21:44:21,elonmusk,"@wapodavenport Romeo + Juliet, fish tank scene",[],https://twitter.com/elonmusk/status/1387266412683702274,322,6794
2021-04-27,20:25:43,elonmusk,@Erdayastronaut @Twisi80 Testing header tanks. All good so far.,[],https://twitter.com/elonmusk/status/1387246623340732421,427,9991
2021-04-27,16:01:26,elonmusk,"@leastImAlive @thesheetztweetz They have an important role to play in protecting the public from getting swindled, but are sometimes too close to Wall St hedge funds imo.   Strange that they aren‚Äôt taking more action on some of the SPACs.",[],https://twitter.com/elonmusk/status/1387180114836967427,519,5819
2021-04-27,15:45:43,elonmusk,"@thesheetztweetz FCC is fair &amp; sensible. NHTSA &amp; FAA too. 99.9% of the time, I agree with regulators!   On rare occasions, we disagree. This is almost always due to new technologies that past regulations didn‚Äôt anticipate.",[],https://twitter.com/elonmusk/status/1387176157737541641,357,5656
2021-04-27,15:32:29,elonmusk,"@garyblack00 Other companies spend money on advertising &amp; manipulating public opinion, Tesla focuses on the product.   I trust the people.",[],https://twitter.com/elonmusk/status/1387172830094233601,2315,18657
2021-04-27,14:34:19,elonmusk,@DocumentingBTC Yes,[],https://twitter.com/elonmusk/status/1387158189985173505,2974,41280
2021-04-27,13:25:41,elonmusk,@PPathole Yup,[],https://twitter.com/elonmusk/status/1387140919145766912,718,32410
2021-04-27,13:24:48,elonmusk,"@garyblack00 @CGrantWSJ @WSJ I find it more helpful to read/follow individual journalists, rather than publications.   Any given publication is going to have wide range of views, albeit vast majority of stories about any subject are negative, perhaps reflecting innate human biases.  Citizen journalism FTW!",[],https://twitter.com/elonmusk/status/1387140695387951105,816,8548
2021-04-26,17:37:20,elonmusk,@kchangnyt  https://t.co/eLvYOnn6zT,['https://pbs.twimg.com/media/Ez8NUkGXoAwsbw2.jpg'],https://twitter.com/elonmusk/status/1386841861323698177,956,11757
2021-04-26,17:15:00,elonmusk,"Starship SN15 static fire completed, preparing for flight later this week",[],https://twitter.com/elonmusk/status/1386836238771105793,9900,170957
2021-04-26,17:13:39,elonmusk,@jeff_foust True ü§£ü§£,[],https://twitter.com/elonmusk/status/1386835900169129984,168,4990
2021-04-26,16:31:48,elonmusk,@kchangnyt Can‚Äôt get it up (to orbit) lol,[],https://twitter.com/elonmusk/status/1386825367948644352,5259,52082
2021-04-26,16:17:54,elonmusk,@heydave7 Seems quite likely at least based on revenue in 2022 &amp; possibly total units in 2023,[],https://twitter.com/elonmusk/status/1386821871199571968,548,14269
2021-04-26,16:15:01,elonmusk,"@stoolpresidente No, you do not. I have not sold any of my Bitcoin. Tesla sold 10% of its holdings essentially to prove liquidity of Bitcoin as an alternative to holding cash on balance sheet.",[],https://twitter.com/elonmusk/status/1386821144037236737,13384,99369
2021-04-26,15:56:18,elonmusk,@jgrano305 @Orangetilt Yes,[],https://twitter.com/elonmusk/status/1386816432655290381,94,2184
2021-04-26,15:54:23,elonmusk,"@Orangetilt Yeah, roughly 200MW/km^2 using currently available solar panels.   What‚Äôs really amazing is that you can store all energy needed to power a continent overnight with 1 square kilometer of stacked Tesla Megapacks!",[],https://twitter.com/elonmusk/status/1386815954181632000,855,11218
2021-04-26,12:11:05,elonmusk,"@PPathole An advantage I did have is that my father is a talented electrical &amp; mechanical engineer, so I was taught a lot engineering (without appreciating it at the time)",[],https://twitter.com/elonmusk/status/1386759755088211974,448,6199
2021-04-26,11:10:31,elonmusk,@PPathole True. The opposite in fact ‚Äì I provide financial support to my parents.,[],https://twitter.com/elonmusk/status/1386744515856322563,427,5786
2021-04-25,23:11:54,elonmusk,@BLKMDL3 @JohnnaCrider1 We just got approval to open a new Supercharger station in Malibu!,[],https://twitter.com/elonmusk/status/1386563667706011653,247,4988
2021-04-25,23:08:53,elonmusk,@JohnnaCrider1  https://t.co/xl441YNnOs,[],https://twitter.com/elonmusk/status/1386562909833109505,313,11447
2021-04-25,12:41:31,elonmusk,@BadAstronomer So awesome!,[],https://twitter.com/elonmusk/status/1386405029523845125,401,12517
2021-04-24,20:20:46,elonmusk,Let‚Äôs find out just how live Saturday Night Live really is üòà,[],https://twitter.com/elonmusk/status/1386158212970340354,12918,221852
2021-04-24,20:09:25,elonmusk,Am hosting SNL on May 8,[],https://twitter.com/elonmusk/status/1386155357739921412,20707,332751
2021-04-24,19:40:29,elonmusk,@Tesmanian_com Yup,[],https://twitter.com/elonmusk/status/1386148075434123264,549,14774
2021-04-24,02:23:07,elonmusk,@KuroiKumanoashi Lies can be beautiful,[],https://twitter.com/elonmusk/status/1385887015774867457,1220,20937
2021-04-24,02:03:34,elonmusk, https://t.co/l6Bc0wkWol,['https://pbs.twimg.com/media/EzukawiXoAANqxm.jpg'],https://twitter.com/elonmusk/status/1385882094296092672,19459,244551
2021-04-24,01:55:19,elonmusk,define ‚Ä¶ beauty,[],https://twitter.com/elonmusk/status/1385880018417557506,15329,278072
2021-04-24,01:54:25,elonmusk,What does the future hodl?,[],https://twitter.com/elonmusk/status/1385879790381641728,30840,319108
2021-04-23,07:38:12,elonmusk,@OwenSparks_ @PPathole Absolutely!,[],https://twitter.com/elonmusk/status/1385603921121533954,144,3654
2021-04-23,07:23:41,elonmusk,@PPathole This is the essence of my philosophy,[],https://twitter.com/elonmusk/status/1385600268620939265,1821,48331
2021-04-23,07:18:06,elonmusk,@SciGuySpace This is important,[],https://twitter.com/elonmusk/status/1385598863399129090,389,14232
2021-04-23,07:06:58,elonmusk,@lexfridman Yup,[],https://twitter.com/elonmusk/status/1385596061922779140,290,7824
2021-04-23,02:47:18,elonmusk,2 mins to launch,[],https://twitter.com/elonmusk/status/1385530714662133763,6945,88805
2021-04-23,01:13:41,elonmusk,Astronauts preparing to launch to @Space_Station,[],https://twitter.com/elonmusk/status/1385507154531074048,6898,82170
2021-04-22,15:50:22,elonmusk,@JiriThunderDome Yeah,[],https://twitter.com/elonmusk/status/1385365390465937413,96,3330
2021-04-22,15:25:32,elonmusk,@ICannot_Enough Haha true,[],https://twitter.com/elonmusk/status/1385359141053546496,124,3158
2021-04-22,13:57:44,elonmusk,üåçüåéüåè Happy Earth Day üåçüåéüåè,[],https://twitter.com/elonmusk/status/1385337043618836480,37056,438933
2021-04-22,13:52:30,elonmusk,@hnshah Haha,[],https://twitter.com/elonmusk/status/1385335728801001472,235,11039
2021-04-22,13:50:53,elonmusk,@jhall ü§£ü§£,[],https://twitter.com/elonmusk/status/1385335321370431488,79,1779
2021-04-22,13:20:50,elonmusk,"@AstroJordy I‚Äôm staying at a friend‚Äôs place in Florida that is 85% powered by Tesla Solar Roof + Powerwall.   When grid power goes down, air-conditioning automatically turns off in some of the house. Computers &amp; lights don‚Äôt even flicker. Owner says he doesn‚Äôt notice.",[],https://twitter.com/elonmusk/status/1385327759665270788,280,3657
2021-04-22,05:31:35,elonmusk,@28delayslater Does seem a little weird,[],https://twitter.com/elonmusk/status/1385209666909659140,683,11894
2021-04-21,23:05:53,elonmusk,@OwenSparks_ @AstroJordy @neuralink ü§£,[],https://twitter.com/elonmusk/status/1385112605014908933,91,2396
2021-04-21,23:02:03,elonmusk,"@JohnnaCrider1 @WholeMarsBlog If Tesla owners are ‚Äúconspiracy theorists‚Äù, then it would be fair to call them ‚Äúadvertising salespeople masquerading as truthtellers‚Äù.   If that‚Äôs an unfair criticism, a simple rebuttal would be to show their articles per fatality for all automakers. Tesla is  ~0.02% of deaths ‚Ä¶",[],https://twitter.com/elonmusk/status/1385111636810240002,410,3722
2021-04-21,22:49:17,elonmusk,Tesla Solar + Powerwall battery enables consumers to be their own utility,[],https://twitter.com/elonmusk/status/1385108424761872387,11507,174154
2021-04-21,22:47:06,elonmusk,@jack True,[],https://twitter.com/elonmusk/status/1385107878055317509,1150,11917
2021-04-21,22:39:40,elonmusk,"@ValaAfshar Very important. Most people don‚Äôt know this. Wind is also super cheap, especially when paired with batteries.",[],https://twitter.com/elonmusk/status/1385106006141587459,568,6054
2021-04-21,22:38:03,elonmusk,"@annerajb Newest units can probably do as much as 10kW continuous &amp; double that in peak power at 30C ambient temp.  In house power vernacular, this translates to ~80LRA (soft start of 3.5 ton HVAC). Two Powerwalls would double this, three would triple, etc.",[],https://twitter.com/elonmusk/status/1385105599608672257,94,1597
2021-04-21,22:14:54,elonmusk,"Powerwall 2 peak &amp; steady power capability is better than advertised.   Now that we have lots of operational data, Tesla can unlock higher capabilities for free via software update next month.   Depending on production date, power increase power may be &gt;50% at 30C ambient temp.",[],https://twitter.com/elonmusk/status/1385099771220688906,1276,28165
2021-04-21,18:51:09,elonmusk,"Solar power will feed exclusively to Powerwall. Powerwall will interface only between utility meter &amp; house main breaker panel, enabling super simple install &amp; seamless whole house backup during utility dropouts.",[],https://twitter.com/elonmusk/status/1385048499415183360,2660,56869
2021-04-21,18:27:43,elonmusk,"Starting next week, Tesla Solar Panels &amp; Solar Roof will only be sold as an integrated product *with* Tesla Powerwall battery",[],https://twitter.com/elonmusk/status/1385042598692147204,8360,127667
2021-04-21,16:23:05,elonmusk,"@wintonARK Did you buy a Powerwall? Utility permission is required for flowing electricity back to grid, but usually not if stored in our battery. This also enables 24/7 electricity security for your home.  Utility permission is still needed for when Powerwall is full &amp; can stabilize grid.",[],https://twitter.com/elonmusk/status/1385011236270526464,252,5577
2021-04-21,08:30:27,elonmusk,@TeslaNY Sandy Munro knows what he‚Äôs talking about,[],https://twitter.com/elonmusk/status/1384892295137333252,742,17017
2021-04-20,21:00:41,elonmusk,@teslaownersSV cgi irl!,[],https://twitter.com/elonmusk/status/1384718706014441475,427,10902
2021-04-20,20:51:12,elonmusk,"@PPathole @Tesla @SpaceX I could get a job, just not at an Internet company (weren‚Äôt many back then)",[],https://twitter.com/elonmusk/status/1384716322756386819,2637,92045
2021-04-20,12:32:21,elonmusk,@Liv_Boeree @TheBabylonBee Haha true,[],https://twitter.com/elonmusk/status/1384590783504818178,165,3205
2021-04-20,12:28:16,elonmusk,@JohnnaCrider1 !!,[],https://twitter.com/elonmusk/status/1384589753236922374,345,10423
2021-04-20,12:27:43,elonmusk,@kimpaquette New FSD rendering approach coming that better represents NN probability vector space,[],https://twitter.com/elonmusk/status/1384589614447423493,359,8200
2021-04-20,11:49:56,elonmusk,@kimpaquette NHTSA is great,[],https://twitter.com/elonmusk/status/1384580105649885188,323,8103
2021-04-20,11:47:01,elonmusk,@RenataKonkoly @GerberKawasaki Hell of a coincidence haha,[],https://twitter.com/elonmusk/status/1384579374607831042,809,8174
2021-04-20,11:37:14,elonmusk,@GerberKawasaki ü§£,[],https://twitter.com/elonmusk/status/1384576909724459009,2958,33482
2021-04-19,20:20:24,elonmusk,@WholeMarsBlog Exactly,[],https://twitter.com/elonmusk/status/1384346182399401991,502,8615
2021-04-19,20:19:31,elonmusk,@NASA Awesome!,[],https://twitter.com/elonmusk/status/1384345960495468548,2144,63807
2021-04-19,14:14:52,elonmusk,"@Amart15416132 @WSJ Your research as a private individual is better than professionals @WSJ!   Data logs recovered so far show Autopilot was not enabled &amp; this car did not purchase FSD.  Moreover, standard Autopilot would require lane lines to turn on, which this street did not have.",[],https://twitter.com/elonmusk/status/1384254194975010826,3535,21476
2021-04-18,19:10:00,elonmusk,@teslaownersSV @SpaceX @NASA @considercosmos Support for humanity‚Äôs future in space is super appreciated. Let‚Äôs make the sci-fi future we want real!,[],https://twitter.com/elonmusk/status/1383966077344894979,1499,18520
2021-04-18,14:00:43,elonmusk,@flcnhvy ü§£ü§£,[],https://twitter.com/elonmusk/status/1383888245902118918,270,7382
2021-04-17,15:45:36,elonmusk,@WholeMarsBlog Passive Autopilot (sometimes called active safety) comes standard on all Teslas,[],https://twitter.com/elonmusk/status/1383552252871200770,299,4530
2021-04-17,15:39:39,elonmusk,"@WholeMarsBlog Essentially, passive Autopilot (car intervenes only when crash probability is high) cuts crashes in half.   Active Autopilot (car is driving itself) cuts crashes in half again.   Doesn‚Äôt mean there are no crashes, but, on balance, Autopilot is unequivocally safer.",[],https://twitter.com/elonmusk/status/1383550753956982787,303,2886
2021-04-17,15:32:03,elonmusk,Tesla with Autopilot engaged now approaching 10 times lower chance of accident than average vehicle,[],https://twitter.com/elonmusk/status/1383548841438236674,19166,162009
2021-04-16,22:46:56,elonmusk,Dragon spacecraft &amp; Falcon 9 rocket  https://t.co/A6fsNlsN9z,['https://pbs.twimg.com/media/EzJ0Qs2VIAM8g6e.jpg'],https://twitter.com/elonmusk/status/1383295895043600384,15968,221977
2021-04-16,21:51:09,elonmusk,@WhatsupFranks Great progress by Tesla team,[],https://twitter.com/elonmusk/status/1383281856984936450,307,8605
2021-04-16,21:46:34,elonmusk,"If we make life multiplanetary, there may come a day when some plants &amp; animals die out on Earth, but are still alive on Mars",[],https://twitter.com/elonmusk/status/1383280704042127363,18919,234489
2021-04-16,21:16:45,elonmusk,@neuralink @shivon Great review! Neuralink is open to working with neuroscientists to advance the field.   Short-term goal is addressing brain &amp; spine problems.   Ultimate goal is symbiosis of human &amp; machine intelligence.,[],https://twitter.com/elonmusk/status/1383273199211667457,935,10882
2021-04-16,18:37:48,elonmusk,Everything to the moon!,[],https://twitter.com/elonmusk/status/1383233200885882885,66389,562718
2021-04-16,15:16:48,elonmusk,We are honored to be part of the @NASAArtemis team,[],https://twitter.com/elonmusk/status/1383182615411232770,3384,74606
2021-04-16,14:55:05,elonmusk,üöÄüñ§üí´ NASA Rules!! üí´üñ§üöÄ,[],https://twitter.com/elonmusk/status/1383177151541743621,17284,185468
2021-04-16,10:01:25,elonmusk,üëÄ,[],https://twitter.com/elonmusk/status/1383103246470811652,26947,259403
2021-04-15,19:13:57,elonmusk,üé∏üé∏ Austin Rocks!! üé∏ üé∏,[],https://twitter.com/elonmusk/status/1382879908645392384,9583,165512
2021-04-15,19:00:14,elonmusk,@Model3Owners Same with Berlin,[],https://twitter.com/elonmusk/status/1382876456401833989,187,4131
2021-04-15,18:59:34,elonmusk,"@Model3Owners Limited production of Model Y this year, high volume next year",[],https://twitter.com/elonmusk/status/1382876290663927808,230,4730
2021-04-15,18:52:42,elonmusk,"@Model3Owners I was just there, driving Cybertruck around the site where it will be built!",[],https://twitter.com/elonmusk/status/1382874560433778695,809,17253
2021-04-15,17:50:37,elonmusk,Make life multiplanetary! #Mars,[],https://twitter.com/elonmusk/status/1382858937792307202,29661,325093
2021-04-15,16:44:25,elonmusk,"@Erdayastronaut @thesheetztweetz Yeah, should be fully mobile later this year, so you can move it anywhere or use it on an RV or truck in motion. We need a few more satellite launches to achieve compete coverage &amp; some key software upgrades.",[],https://twitter.com/elonmusk/status/1382842277719003136,582,8431
2021-04-15,16:33:34,elonmusk,"@thesheetztweetz This is accurate. Service uptime, bandwidth &amp; latency are improving rapidly. Probably out of beta this summer.",[],https://twitter.com/elonmusk/status/1382839546484641794,382,8435
2021-04-15,14:10:47,elonmusk,@sadiaslayy @DogecoinBets üòÆ,[],https://twitter.com/elonmusk/status/1382803612829581317,3587,40841
2021-04-15,08:54:44,elonmusk,@lexfridman One of many reasons that we need to make life multiplanetary!,[],https://twitter.com/elonmusk/status/1382724076330917893,2611,49573
2021-04-14,23:30:53,elonmusk,@austinbarnard45 Aiming to launch next week,[],https://twitter.com/elonmusk/status/1382582177943015431,776,12768
2021-04-14,21:38:46,elonmusk,@billhuang688 @RationalEtienne @F9Block5 Certainly one of the largest. A company whose name rhymes with Shmoogle is pretty far ahead.   But I think we‚Äôre the leader in shallow-minded AI haha!,[],https://twitter.com/elonmusk/status/1382553963166326785,318,5275
2021-04-14,21:33:18,elonmusk,Doge Barking at the Moon  https://t.co/QFB81D7zOL,['https://pbs.twimg.com/media/Ey_QPDlWQAIFuJy.jpg'],https://twitter.com/elonmusk/status/1382552587099062272,50848,336335
2021-04-14,21:28:47,elonmusk,@WSBChairman Doge Barking at the Moon ‚Äì Miro  https://t.co/1vTM2XOusy,['https://pbs.twimg.com/media/Ey_PM90XAAEicH7.jpg'],https://twitter.com/elonmusk/status/1382551451185131522,2668,21193
2021-04-14,21:19:57,elonmusk,"@RationalEtienne @F9Block5 While perhaps obvious in hindsight, it turns out that the only way to solve self-driving is to solve a big part of real-world AI. That is what Tesla is doing, both in hardware &amp; software.  Unless a company is good at AI with tight compute, it‚Äôs hopeless. This is insanely hard.",[],https://twitter.com/elonmusk/status/1382549229726498821,361,3132
2021-04-14,20:47:00,elonmusk,Le Petit Prince,[],https://twitter.com/elonmusk/status/1382540937700671488,4088,91646
2021-04-14,20:42:35,elonmusk,‚òæ             üî≠ñ®Ü‚ô°,[],https://twitter.com/elonmusk/status/1382539825421582339,40226,330382
2021-04-14,16:48:26,elonmusk,@SpaceXMR Soon it will be real,[],https://twitter.com/elonmusk/status/1382480900257058818,442,13806
2021-04-14,16:30:25,elonmusk,"@janixos @ErcXspace @SpaceX Actually, yes. And Red Rocket truck stop.",[],https://twitter.com/elonmusk/status/1382476365727887361,76,2042
2021-04-14,16:21:29,elonmusk,@andyweedman @karpathy @DirtyTesla Stop ‚Ä¶ In the Name of Love!  https://t.co/kBsTi5jz16,[],https://twitter.com/elonmusk/status/1382474118050639879,141,4494
2021-04-14,15:54:55,elonmusk,@AustinTeslaClub @TslaCC @teslaquadcities @teslaownersvn @SjvTesla @TeslaOwnersEBay @CodingMark @billhuang688 @gailalfa1 @Tesla ü•∞,[],https://twitter.com/elonmusk/status/1382467430614667265,272,4339
2021-04-14,15:35:20,elonmusk,@Teslarati I found some footage of the drive  https://t.co/TXeLQO9Spr,[],https://twitter.com/elonmusk/status/1382462502831738887,621,9455
2021-04-14,15:32:57,elonmusk,@AstroJordy @dogeofficialceo @F9Block5 Insanely cute!,[],https://twitter.com/elonmusk/status/1382461904128339968,180,2599
2021-04-14,15:27:30,elonmusk,"@WholeMarsBlog Button timing of May is aspirational. Depends on how well limited beta of V9.0 goes, but I would be surprised if wide beta (aka button) is later than June. FSD subscription next month is a sure thing.",[],https://twitter.com/elonmusk/status/1382460531550785541,268,2939
2021-04-14,15:22:29,elonmusk,@cliffski @F9Block5 Hopefully addressed this summer,[],https://twitter.com/elonmusk/status/1382459271774834690,81,2078
2021-04-14,15:19:48,elonmusk,@dogeofficialceo @F9Block5 ü§£ü§£,[],https://twitter.com/elonmusk/status/1382458594352713728,263,1740
2021-04-14,15:19:17,elonmusk,@BLKMDL3 @F9Block5 Same timing,[],https://twitter.com/elonmusk/status/1382458463624724480,77,1747
2021-04-14,15:17:32,elonmusk,@F9Block5 Major improvements are being made to the vision stack every week. Beta button hopefully next month.  This is a ‚Äúmarch of 9‚Äôs‚Äù trying to get probability of no injury above 99.999999% of miles for city driving. Production Autopilot is already above that for highway driving.,[],https://twitter.com/elonmusk/status/1382458022367162370,427,5013
2021-04-14,15:02:31,elonmusk,@jrosinski97 Will investigate,[],https://twitter.com/elonmusk/status/1382454243810963460,72,2417
2021-04-14,15:00:26,elonmusk,@melaniemadri Probably late July,[],https://twitter.com/elonmusk/status/1382453719585808384,307,6197
2021-04-14,14:57:08,elonmusk,Tesla AI/Autopilot engineering is awesome! Making excellent progress solving real-world AI.,[],https://twitter.com/elonmusk/status/1382452890468421632,7173,131775
2021-04-14,09:00:26,elonmusk,@ErcXspace @SpaceX 69th Raptor engine coming soon,[],https://twitter.com/elonmusk/status/1382363126117539847,1145,34587
2021-04-14,08:56:26,elonmusk,@ashleevance Maybe it‚Äôs about how you use it,[],https://twitter.com/elonmusk/status/1382362117211189253,484,14486
2021-04-14,02:42:29,elonmusk,@PPathole @SwiftOnSecurity Getting there,[],https://twitter.com/elonmusk/status/1382268009851457537,268,5868
2021-04-14,02:01:41,elonmusk,"@AstroJordy @PPathole @SpaceX @Tesla That version of Falcon 1 never flew, so must be ~2004. The CAD looks so simple! I think we were still using SolidWorks back then.",[],https://twitter.com/elonmusk/status/1382257741540954114,150,3577
2021-04-14,01:53:14,elonmusk,"@eugenelee3 @PPathole @SpaceX @Tesla Yeah, not scalable. My grad student idea was to try to use advanced chip making equipment to create high energy density capacitors accurate to molecular level.",[],https://twitter.com/elonmusk/status/1382255613665701894,105,2416
2021-04-14,00:50:45,elonmusk,@PPathole @SpaceX @Tesla That was my night job. Day job was working on ruthenium-tantalum ultracapacitors at Pinnacle Research.,[],https://twitter.com/elonmusk/status/1382239892445401089,262,5212
2021-04-14,00:48:25,elonmusk,"@PPathole @SpaceX @Tesla True. Ancient times ‚Ä¶ Had to flip CPU registers explicitly, as computer was so slow.",[],https://twitter.com/elonmusk/status/1382239304097824768,1137,46515
2021-04-13,17:41:45,elonmusk,@Erdayastronaut @Tesla Absolutely,[],https://twitter.com/elonmusk/status/1382131928619495429,202,6076
2021-04-13,12:25:11,elonmusk,"@Erdayastronaut @Tesla Tesla is building up collision repair capability to help address the grief that you went through, but usually insurance companies make you go their ‚Äúapproved‚Äù collision repair partners. Tesla Insurance will make it smooth sailing.",[],https://twitter.com/elonmusk/status/1382052264802721792,1165,26890
2021-04-11,08:50:33,elonmusk,@vincent13031925 For now. Costs are decreasing rapidly.,[],https://twitter.com/elonmusk/status/1381273474400800773,509,18218
2021-04-11,08:48:58,elonmusk,Love this beautiful shot,[],https://twitter.com/elonmusk/status/1381273076709478403,2168,95051
2021-04-11,07:49:38,elonmusk,@agnostoxxx @CathieDWood @ARKInvest Trust the shrub,[],https://twitter.com/elonmusk/status/1381258144916008964,70,2084
2021-04-11,05:23:49,elonmusk,The art In Cyberpunk is incredible,[],https://twitter.com/elonmusk/status/1381221447322935303,11946,275387
2021-04-10,23:18:47,elonmusk,@itsALLrisky ü§£ü§£,[],https://twitter.com/elonmusk/status/1381129584435818496,648,8843
2021-04-10,16:56:43,elonmusk,@seinfeldguru @WholeMarsBlog Nope haha,[],https://twitter.com/elonmusk/status/1381033434806542336,68,2870
2021-04-10,16:54:51,elonmusk,"@WholeMarsBlog If you don‚Äôt say anything &amp; engage Autopilot, it will soon guess based on time of day, taking you home or to work or to what‚Äôs on your calendar",[],https://twitter.com/elonmusk/status/1381032961814892545,201,2686
2021-04-10,16:52:21,elonmusk,@DeltavPhotos @PortCanaveral That rocket is a hardcore veteran of many missions,[],https://twitter.com/elonmusk/status/1381032333126500355,311,12825
2021-04-10,15:09:02,elonmusk,Blimps rock  https://t.co/e8cu5FkNOI,['https://pbs.twimg.com/media/EypR8OrU8AEZxTl.jpg'],https://twitter.com/elonmusk/status/1381006333864861696,7481,181832
2021-04-10,13:22:20,elonmusk,"@engineers_feed Due to lower gravity, you can travel from surface of Mars to surface of Earth fairly easily with a single stage rocket. Earth to Mars is vastly harder.",[],https://twitter.com/elonmusk/status/1380979481309945856,1950,49726
2021-04-10,12:49:26,elonmusk,@DrPhiltill Good thread,[],https://twitter.com/elonmusk/status/1380971204299747328,163,4957
2021-04-10,12:46:36,elonmusk,@alexellisuk Pretty much,[],https://twitter.com/elonmusk/status/1380970491356225536,230,8748
2021-04-10,01:32:35,elonmusk,@tesla_adri @WholeMarsBlog These things are best thought of as probabilities. There are 5 forward-facing cameras. It is highly likely that at least one of them will see multiple cars ahead.,[],https://twitter.com/elonmusk/status/1380800869382320134,115,2478
2021-04-10,01:23:03,elonmusk,"@WholeMarsBlog Sensors are a bitstream and cameras have several orders of magnitude more bits/sec than radar (or lidar).   Radar must meaningfully increase signal/noise of bitstream to be worth complexity of integrating it.   As vision processing gets better, it just leaves radar far behind.",[],https://twitter.com/elonmusk/status/1380798469862957057,275,3498
2021-04-10,01:16:58,elonmusk,"@WholeMarsBlog When radar and vision disagree, which one do you believe? Vision has much more precision, so better to double down on vision than do sensor fusion.",[],https://twitter.com/elonmusk/status/1380796939151704071,289,3523
2021-04-10,00:46:16,elonmusk,@WholeMarsBlog This is a major problem!,[],https://twitter.com/elonmusk/status/1380789209582034944,92,1689
2021-04-10,00:45:17,elonmusk,Just needs some legs,[],https://twitter.com/elonmusk/status/1380788962558496768,1352,49773
2021-04-10,00:45:10,elonmusk,The Starship launch tower that catches the giant rocket booster is basically Mechazilla,[],https://twitter.com/elonmusk/status/1380788934905503744,3554,84819
2021-04-10,00:29:45,elonmusk,But wait how is the core of the earth lit by the sun? Stop asking questions!!,[],https://twitter.com/elonmusk/status/1380785053542666242,2615,71784
2021-04-10,00:29:01,elonmusk,Kong vs Godzilla has record for most meth ever consumed in a writer‚Äôs room,[],https://twitter.com/elonmusk/status/1380784868729122818,14465,181470
2021-04-10,00:25:11,elonmusk,@itsALLrisky üíØ,[],https://twitter.com/elonmusk/status/1380783907096850433,638,9006
2021-04-10,00:15:47,elonmusk,‚Ä¶ going to moon very soon,[],https://twitter.com/elonmusk/status/1380781539647053826,45620,548376
2021-04-10,00:12:20,elonmusk,@Matsu_Kusarine @jagarikin Actually happened to me in Cyberpunk haha,[],https://twitter.com/elonmusk/status/1380780669895208961,433,10062
2021-04-09,23:51:12,elonmusk,@TimBirks1 @Erdayastronaut @SpaceX Pretty much,[],https://twitter.com/elonmusk/status/1380775355502317568,53,2127
2021-04-09,23:44:23,elonmusk,@memescryptor !,[],https://twitter.com/elonmusk/status/1380773639038111751,101,4200
2021-04-09,23:41:45,elonmusk,Where is Shrek 5!?  https://t.co/PqAZ5Mg8Es,['https://pbs.twimg.com/media/Eyl9tBhUcAQyUJU.jpg'],https://twitter.com/elonmusk/status/1380772975733923841,25871,277036
2021-04-09,18:07:04,elonmusk,"@AustinTeslaClub @OwenSparks_ @WholeMarsBlog Good point.   Next major software rev will do much better with automating wipers, seat heating &amp; defrost.   Probable seat settings just based on occupant mass distribution should be possible.",[],https://twitter.com/elonmusk/status/1380688750179586049,141,2582
2021-04-09,18:04:26,elonmusk,@Adamklotz_ @OwenSparks_ @WholeMarsBlog Yup,[],https://twitter.com/elonmusk/status/1380688087697612802,30,1300
2021-04-09,17:33:12,elonmusk,@teslaownersSV @neuralink Turns out üêí love video games &amp; snacks just like us!,[],https://twitter.com/elonmusk/status/1380680228230426625,1237,37924
2021-04-09,15:24:01,elonmusk,It‚Äôs all about the cufflinks  https://t.co/elccqC0Zuf,['https://pbs.twimg.com/media/EykLyAtU4AEGjqp.jpg'],https://twitter.com/elonmusk/status/1380647716959645700,26829,346689
2021-04-09,15:21:50,elonmusk,@chicago_glenn I feel like this sometimes,[],https://twitter.com/elonmusk/status/1380647165597339650,69,2297
2021-04-09,12:41:08,elonmusk,@OwenSparks_ @WholeMarsBlog It will,[],https://twitter.com/elonmusk/status/1380606725380706304,59,2113
2021-04-09,12:41:01,elonmusk,@OwenSparks_ @WholeMarsBlog Remove,[],https://twitter.com/elonmusk/status/1380606694816800768,117,2388
2021-04-09,12:39:26,elonmusk,@w00ki33 @SpaceX @SuperclusterHQ Simulation is improving rendering resolution  ‚Ä¶,[],https://twitter.com/elonmusk/status/1380606296945135617,191,4962
2021-04-09,12:14:21,elonmusk,@cleantechnica Congrats to NIO. That is a tough milestone.,[],https://twitter.com/elonmusk/status/1380599983481577472,1969,30196
2021-04-09,12:13:12,elonmusk,"@WholeMarsBlog Almost ready with FSD Beta V9.0. Step change improvement is massive, especially for weird corner cases &amp; bad weather. Pure vision, no radar.",[],https://twitter.com/elonmusk/status/1380599694154362882,661,5319
2021-04-09,04:24:30,elonmusk,Thanks to all that helped SpaceX!,[],https://twitter.com/elonmusk/status/1380481743531089924,1055,37680
2021-04-09,04:21:13,elonmusk,Just read it. Book is accurate.,[],https://twitter.com/elonmusk/status/1380480918243090433,3847,58952
2021-04-09,00:35:55,elonmusk,@TeslaGong Yeah,[],https://twitter.com/elonmusk/status/1380424218261692418,75,3053
2021-04-09,00:35:17,elonmusk,@mikevanbus @TrungTPhan @neuralink Pretty much,[],https://twitter.com/elonmusk/status/1380424061105266695,40,1681
2021-04-09,00:32:42,elonmusk, https://t.co/XeQursZpvq,['https://pbs.twimg.com/media/Eyg_xkNU8AUlYP9.jpg'],https://twitter.com/elonmusk/status/1380423408542904326,35208,352974
2021-04-08,21:11:42,elonmusk,Soon our monkey will be on twitch &amp; discord haha,[],https://twitter.com/elonmusk/status/1380372826071330817,11708,230114
2021-04-08,20:06:00,elonmusk,@thenewsoncnbc @contessabrewer Good piece!,[],https://twitter.com/elonmusk/status/1380356292850540546,221,6637
2021-04-08,20:01:15,elonmusk,@Kyler_Knoll @neuralink Comes with wireless charging baseball cap,[],https://twitter.com/elonmusk/status/1380355094848307204,181,6108
2021-04-08,19:57:27,elonmusk,@TarekWaked @TechCrunch @etherington Pretty much ü§£ü§£ Great episode!,[],https://twitter.com/elonmusk/status/1380354140241494016,71,2361
2021-04-08,18:48:09,elonmusk,A monkey is literally playing a video game telepathically using a brain chip!!,[],https://twitter.com/elonmusk/status/1380336699847233537,5134,82457
2021-04-08,18:41:40,elonmusk,@lexfridman @neuralink Yes,[],https://twitter.com/elonmusk/status/1380335069580038145,167,7100
2021-04-08,18:41:23,elonmusk,"The device is implanted flush with skull &amp; charges wirelessly, so you look &amp; feel totally normal",[],https://twitter.com/elonmusk/status/1380334998524321792,2793,55925
2021-04-08,18:38:20,elonmusk,"@IheartTesla Absolutely doable. Possibly as soon as Neuralink device version 2, highly likely by version 3.",[],https://twitter.com/elonmusk/status/1380334229016305666,151,2715
2021-04-08,17:29:40,elonmusk,"Later versions will be able to shunt signals from Neuralinks in brain to Neuralinks in body motor/sensory neuron clusters, thus enabling, for example, paraplegics to walk again",[],https://twitter.com/elonmusk/status/1380316949087854595,6167,83001
2021-04-08,17:25:25,elonmusk,@mindofkacper @neuralink Yes,[],https://twitter.com/elonmusk/status/1380315879091544064,94,4233
2021-04-08,17:24:31,elonmusk,First @Neuralink product will enable someone with paralysis to use a smartphone with their mind faster than someone using thumbs,[],https://twitter.com/elonmusk/status/1380315654524301315,20371,177534
2021-04-08,17:19:52,elonmusk,"@IheartTesla @neuralink Hopefully, later this year",[],https://twitter.com/elonmusk/status/1380314485324308482,193,4360
2021-04-08,17:19:00,elonmusk,@tobyliiiiiiiiii Sure,[],https://twitter.com/elonmusk/status/1380314267077894148,99,4708
2021-04-08,17:16:21,elonmusk,Monkey plays Pong with his mind,[],https://twitter.com/elonmusk/status/1380313600187719682,15752,135553
2021-04-08,13:45:19,elonmusk,@dogeofficialceo @WatchersTank @SpaceX Looking at pups soon!,[],https://twitter.com/elonmusk/status/1380260488299180035,486,4206
2021-04-08,13:43:36,elonmusk,"@jordanxmajel @WatchersTank @SpaceX Shock absorption is built into tower arms. Since tower is ground side, it can use a lot more mass to arrest booster downward momentum.",[],https://twitter.com/elonmusk/status/1380260058026532864,118,2378
2021-04-08,13:40:12,elonmusk,@jordanxmajel @WatchersTank @SpaceX Load points just below the grid fins,[],https://twitter.com/elonmusk/status/1380259201436422145,78,2066
2021-04-08,13:37:57,elonmusk,@WatchersTank @SpaceX Just one skyscraper catching another nbd haha,[],https://twitter.com/elonmusk/status/1380258637977804801,251,5531
2021-04-08,02:41:16,elonmusk,Thanks Tesla suppliers for providing us with critical parts!,[],https://twitter.com/elonmusk/status/1380093374833729537,6199,189687
2021-04-07,13:11:07,elonmusk,@MarkJam93765764 @IvanEscobosa A tidal wave of vaccine is being produced!,[],https://twitter.com/elonmusk/status/1379889495558905856,97,3038
2021-04-07,13:09:27,elonmusk,"@jgrano305 Probably J&amp;J, but BioNtech &amp; Moderna are good too. Some debate imo as to whether a second synthetic mRNA shot is really needed, but the first is a no-brainer.",[],https://twitter.com/elonmusk/status/1379889077185519617,271,5655
2021-04-07,13:04:42,elonmusk,@IvanEscobosa Latter,[],https://twitter.com/elonmusk/status/1379887880504365057,63,4858
2021-04-07,13:02:22,elonmusk,"To be clear, I do support vaccines in general &amp; covid vaccines specifically. The science is unequivocal.   In very rare cases, there is an allergic reaction, but this is easily addressed with an EpiPen.",[],https://twitter.com/elonmusk/status/1379887294933467139,14778,197089
2021-04-07,12:36:55,elonmusk,@DavidWillisSLS @_Jevis_ @PPathole Needs legs for moon &amp; Mars,[],https://twitter.com/elonmusk/status/1379880889383972865,160,3981
2021-04-07,12:35:27,elonmusk,@SciGuySpace Global payload to orbit is the key metric,[],https://twitter.com/elonmusk/status/1379880518250983425,247,8411
2021-04-07,12:20:32,elonmusk,@Julius_Burton @Erdayastronaut @DJSnM @NASASpaceflight @ChrisG_NSF @thejackbeyer @FelixSchlang Nice,[],https://twitter.com/elonmusk/status/1379876763807850496,70,2754
2021-04-07,12:19:17,elonmusk,"@_Jevis_ @PPathole Ideal scenario imo is catching Starship in horizontal ‚Äúglide‚Äù with no landing burn, although that is quite a challenge for the tower! Next best is catching with tower, with emergency pad landing mode on skirt (no legs).",[],https://twitter.com/elonmusk/status/1379876450744995843,216,3262
2021-04-07,12:13:21,elonmusk,"@PPathole Starship booster, largest flying object ever designed, will be caught out of sky by launch tower. Big step forward, as reflight can be done in under an hour.",[],https://twitter.com/elonmusk/status/1379874956343828485,1581,38329
2021-04-07,11:59:11,elonmusk,"@WholeMarsBlog Well-written and fair, much like his articles on space",[],https://twitter.com/elonmusk/status/1379871391957184515,122,2824
2021-04-07,03:40:11,elonmusk,@louisssdev @flcnhvy Coming soon. Crazy number of launches this year!,[],https://twitter.com/elonmusk/status/1379745815678230529,253,4218
2021-04-07,03:36:44,elonmusk,@flcnhvy They will be recovered from the water &amp; reused,[],https://twitter.com/elonmusk/status/1379744947453054981,121,2603
2021-04-06,12:28:24,elonmusk,‚ÄúTanks for the memery!‚Äù ‚Äì Panzer of the Lake,[],https://twitter.com/elonmusk/status/1379516358040244225,5177,134947
2021-04-05,19:23:37,elonmusk,@CathieDWood @wintonARK @ARKInvest What do you think of the unusually high ratio of S&amp;P market cap to GDP?,[],https://twitter.com/elonmusk/status/1379258463386284038,973,16990
2021-04-05,17:30:28,elonmusk,"@ID_AA_Carmack Some kind of ELO level, updated once or twice a year based on what someone actually got done, might be most effective. Important that it go both up *and* down.",[],https://twitter.com/elonmusk/status/1379229987115515907,358,9465
2021-04-05,05:57:36,elonmusk,@Thomas38697956 New &amp; improved version!,[],https://twitter.com/elonmusk/status/1379055622042353667,375,15376
2021-04-05,04:29:58,elonmusk,@Teslarati @ResidentSponge Special mention of Tesla China,[],https://twitter.com/elonmusk/status/1379033568882663426,227,6160
2021-04-05,04:21:24,elonmusk,@shbzz Obv,[],https://twitter.com/elonmusk/status/1379031412288974852,433,16206
2021-04-05,04:20:03,elonmusk,@Teslarati @ResidentSponge Great work by Tesla team!,[],https://twitter.com/elonmusk/status/1379031071732416514,505,13205
2021-04-05,04:05:33,elonmusk,@EvaFoxU Nice,[],https://twitter.com/elonmusk/status/1379027422423695363,174,11696
2021-04-05,04:01:29,elonmusk,"The Earth is not flat, it‚Äôs a hollow globe &amp; Donkey King lives there!",[],https://twitter.com/elonmusk/status/1379026401341419520,22445,289342
2021-04-05,03:49:22,elonmusk,@EvaFoxU Those two really could have come in handy for the stuck ship!,[],https://twitter.com/elonmusk/status/1379023352480866304,200,11426
2021-04-05,03:47:48,elonmusk,@EvaFoxU Last Kingdom vs Vikings,[],https://twitter.com/elonmusk/status/1379022958157512705,149,5816
2021-04-05,03:46:49,elonmusk,"@spacex360 Ascent phase, transition to horizontal &amp; control during free fall were good.   A (relatively) small CH4 leak led to fire on engine 2 &amp; fried part of avionics, causing hard start attempting landing burn in CH4 turbopump.   This is getting fixed 6 ways to Sunday.",[],https://twitter.com/elonmusk/status/1379022709737275393,905,13814
2021-04-05,03:28:42,elonmusk,Godzilla vs Kong is so amaze much wow! Most insane movie I‚Äôve ever seen! Love letter to conspiracy theorists! And yet heartwarming in the end.,[],https://twitter.com/elonmusk/status/1379018148570091522,14193,218168
2021-04-04,19:39:43,elonmusk,@TerminalCount The Starships feast in Valhalla!,[],https://twitter.com/elonmusk/status/1378900127402852352,508,16028
2021-04-04,19:23:41,elonmusk,@TerminalCount One of the greatest things I‚Äôve ever seen,[],https://twitter.com/elonmusk/status/1378896089760337922,255,7173
2021-04-04,15:36:31,elonmusk,@floko12022021 @HamblinZeke @katlinegrey Ich habe ein Semester Deutsch an der Universit√§t studiert usw,[],https://twitter.com/elonmusk/status/1378838922244063237,130,2877
2021-04-04,15:28:32,elonmusk,@HamblinZeke @katlinegrey Haha Falcon? Nein!,[],https://twitter.com/elonmusk/status/1378836915420602372,41,1140
2021-04-04,15:27:17,elonmusk,"@tobyliiiiiiiiii @katlinegrey I recommend propulsive landing, as that is extensible to planets, moons &amp; asteroids. Wings &amp; runways are limited to Earth.",[],https://twitter.com/elonmusk/status/1378836600881352706,136,2618
2021-04-04,15:25:38,elonmusk,"@PPathole @katlinegrey For practical purposes, there is no limit. It will just get increasingly difficult to service.",[],https://twitter.com/elonmusk/status/1378836183745191936,125,2811
2021-04-04,11:25:28,elonmusk,"@katlinegrey This a good path, but I recommend aiming for full reusability",[],https://twitter.com/elonmusk/status/1378775743115694085,346,11688
2021-04-04,03:53:26,elonmusk,Urgent need to build more housing in greater Austin area!,[],https://twitter.com/elonmusk/status/1378661987324993542,2384,65000
2021-04-03,23:25:28,elonmusk,Austin++,[],https://twitter.com/elonmusk/status/1378594549086482432,6361,141973
2021-04-03,18:03:00,elonmusk,No it doesn‚Äôt hurt at all ü©∏  https://t.co/NnL6o1si0V,['https://pbs.twimg.com/media/EyF2oLkXIAElA80.jpg'],https://twitter.com/elonmusk/status/1378513398044971009,40382,442521
2021-04-03,04:30:12,elonmusk,@allrocketsboi True,[],https://twitter.com/elonmusk/status/1378308850726678528,696,37694
2021-04-02,22:38:12,elonmusk,@GerberKawasaki I fried a lot of neurons on that problem!,[],https://twitter.com/elonmusk/status/1378220267336503296,901,41201
2021-04-02,21:31:41,elonmusk,Me in my sick new car (left him the money)  https://t.co/EGaY1FVfHm,['https://pbs.twimg.com/media/EyBcxRXWgAIijb1.jpg'],https://twitter.com/elonmusk/status/1378203527219183619,12145,255227
2021-04-02,17:18:28,elonmusk,"@TrungTPhan Had no money to invest in Zip2, but my founder equity yielded ~$15M after tax. Of that, I rolled ~$10M into PayPal, which yielded ~$180M, then ‚Ä¶   Basic principle is that I would not ask investors to risk money on my company if I would not also do so.",[],https://twitter.com/elonmusk/status/1378139804647313411,949,8395
2021-04-02,12:13:19,elonmusk,@Gfilche Major new Supercharger station coming to Santa Monica soon! Hoping to have 50‚Äôs diner &amp; 100 best movie clips playing too. Thanks Santa Monica city!,[],https://twitter.com/elonmusk/status/1378063008795041795,962,22516
2021-04-02,01:33:00,elonmusk,@teslaownersSV @Tesla ü§£ü§£,[],https://twitter.com/elonmusk/status/1377901867313688578,700,43300
2021-04-01,05:17:38,elonmusk,"@thesheetztweetz After all, SpaceX‚Äôs first payload to orbit &amp; back was a wheel of cheese ‚Ä¶",[],https://twitter.com/elonmusk/status/1377596011774808069,984,23744
2021-04-01,05:14:41,elonmusk,@FrancisSuarez @boringcompany @alexDLPmiami Glad you enjoyed the experience!,[],https://twitter.com/elonmusk/status/1377595268976140291,126,3572
2021-04-01,03:25:23,elonmusk,SpaceX is going to put a literal Dogecoin on the literal moon,[],https://twitter.com/elonmusk/status/1377567762919292938,53510,547730
2021-04-01,03:23:49,elonmusk,Nicheman ‚Äî his superpower is appealing to small audiences,[],https://twitter.com/elonmusk/status/1377567369191583752,4190,87392
2021-04-01,01:54:49,elonmusk,@waitbutwhy !!,[],https://twitter.com/elonmusk/status/1377544973722079233,283,10623
